{"cameraMode":{"drawMode":0,"name":"Shaded","section":"Shading Mode"},"sceneLighting":true,"audioPlay":false,"sceneViewState":{"m_AlwaysRefresh":false,"showFog":true,"showSkybox":true,"showFlares":true,"showImageEffects":true,"showParticleSystems":true,"showVisualEffectGraphs":true,"m_FxEnabled":true},"in2DMode":false,"pivot":{"x":0.2612614929676056,"y":-20.01102638244629,"z":10.31667423248291},"rotation":{"x":-0.48892641067504885,"y":-0.010985513217747212,"z":0.006156960967928171,"w":-0.8722435235977173},"size":26.312265396118165,"orthographic":false}