{
    "name": "root",
    "gauges": {
        "ShooterAgent.Policy.Entropy.mean": {
            "value": 0.6865223050117493,
            "min": 0.6865223050117493,
            "max": 0.931484043598175,
            "count": 73
        },
        "ShooterAgent.Policy.Entropy.sum": {
            "value": 3295.30712890625,
            "min": 1973.814697265625,
            "max": 5266.5830078125,
            "count": 73
        },
        "ShooterAgent.Timesurvived.mean": {
            "value": 32.659993489583336,
            "min": 5.3655553460121155,
            "max": 71.77197265625,
            "count": 73
        },
        "ShooterAgent.Timesurvived.sum": {
            "value": 489.89990234375,
            "min": 64.38666415214539,
            "max": 815.1201171875,
            "count": 73
        },
        "ShooterAgent.Score.mean": {
            "value": 31.466666666666665,
            "min": 4.25,
            "max": 64.6,
            "count": 73
        },
        "ShooterAgent.Score.sum": {
            "value": 472.0,
            "min": 51.0,
            "max": 776.0,
            "count": 73
        },
        "ShooterAgent.Policy.ExtrinsicValueEstimate.mean": {
            "value": 374.2626037597656,
            "min": 220.66946411132812,
            "max": 383.6630859375,
            "count": 73
        },
        "ShooterAgent.Policy.ExtrinsicValueEstimate.sum": {
            "value": 31812.322265625,
            "min": 2800.521240234375,
            "max": 31844.03515625,
            "count": 73
        },
        "ShooterAgent.Losses.PolicyLoss.mean": {
            "value": 0.23857153813199986,
            "min": 0.22343449248502975,
            "max": 0.2515554526613068,
            "count": 73
        },
        "ShooterAgent.Losses.PolicyLoss.sum": {
            "value": 0.9542861525279994,
            "min": 0.4996620166427235,
            "max": 1.2236865487691013,
            "count": 73
        },
        "ShooterAgent.Losses.ValueLoss.mean": {
            "value": 2254.877248961603,
            "min": 353.78502605163976,
            "max": 3034.028018222958,
            "count": 73
        },
        "ShooterAgent.Losses.ValueLoss.sum": {
            "value": 9019.508995846412,
            "min": 707.5700521032795,
            "max": 15170.14009111479,
            "count": 73
        },
        "ShooterAgent.Policy.LearningRate.mean": {
            "value": 1.2794495735499932e-06,
            "min": 1.2794495735499932e-06,
            "max": 0.00021616802794400001,
            "count": 73
        },
        "ShooterAgent.Policy.LearningRate.sum": {
            "value": 5.117798294199973e-06,
            "min": 5.117798294199973e-06,
            "max": 0.0010279495573502,
            "count": 73
        },
        "ShooterAgent.Policy.Epsilon.mean": {
            "value": 0.1008529,
            "min": 0.1008529,
            "max": 0.244112,
            "count": 73
        },
        "ShooterAgent.Policy.Epsilon.sum": {
            "value": 0.4034116,
            "min": 0.4034116,
            "max": 1.1852996,
            "count": 73
        },
        "ShooterAgent.Policy.Beta.mean": {
            "value": 1.208960499999999e-05,
            "min": 1.208960499999999e-05,
            "max": 0.0003630744,
            "count": 73
        },
        "ShooterAgent.Policy.Beta.sum": {
            "value": 4.835841999999996e-05,
            "min": 4.835841999999996e-05,
            "max": 0.0017289840200000004,
            "count": 73
        },
        "ShooterAgent.Environment.EpisodeLength.mean": {
            "value": 488.9,
            "min": 196.0,
            "max": 809.0,
            "count": 73
        },
        "ShooterAgent.Environment.EpisodeLength.sum": {
            "value": 4889.0,
            "min": 616.0,
            "max": 8134.0,
            "count": 73
        },
        "ShooterAgent.IsTraining.mean": {
            "value": 1.0,
            "min": 1.0,
            "max": 1.0,
            "count": 73
        },
        "ShooterAgent.IsTraining.sum": {
            "value": 1.0,
            "min": 1.0,
            "max": 1.0,
            "count": 73
        },
        "ShooterAgent.Environment.CumulativeReward.mean": {
            "value": 2993.9861479539136,
            "min": 695.1781692504883,
            "max": 3502.59991645813,
            "count": 72
        },
        "ShooterAgent.Environment.CumulativeReward.sum": {
            "value": 38921.81992340088,
            "min": 7646.959861755371,
            "max": 41152.97968292236,
            "count": 72
        },
        "ShooterAgent.Policy.ExtrinsicReward.mean": {
            "value": 2993.9861479539136,
            "min": 695.1781692504883,
            "max": 3502.59991645813,
            "count": 72
        },
        "ShooterAgent.Policy.ExtrinsicReward.sum": {
            "value": 38921.81992340088,
            "min": 7646.959861755371,
            "max": 41152.97968292236,
            "count": 72
        }
    },
    "metadata": {
        "timer_format_version": "0.1.0",
        "start_time_seconds": "1619896276",
        "python_version": "3.9.4 (tags/v3.9.4:1f2e308, Apr  6 2021, 13:40:21) [MSC v.1928 64 bit (AMD64)]",
        "command_line_arguments": "C:\\Users\\prana\\AppData\\Local\\Programs\\Python\\Python39\\Scripts\\mlagents-learn ./Config/agent_config.yaml --run-id=baseline_full --env=./training_builds/full_vision/BoxAttack.exe --num-envs=8 --resume",
        "mlagents_version": "0.25.0",
        "mlagents_envs_version": "0.25.0",
        "communication_protocol_version": "1.5.0",
        "pytorch_version": "1.8.1+cpu",
        "numpy_version": "1.20.2",
        "end_time_seconds": "1619897777"
    },
    "total": 1501.171865,
    "count": 1,
    "self": 10.03548520000004,
    "children": {
        "run_training.setup": {
            "total": 0.5293835,
            "count": 1,
            "self": 0.5293835
        },
        "TrainerController.start_learning": {
            "total": 1490.6069963,
            "count": 1,
            "self": 4.3710975999920265,
            "children": {
                "TrainerController._reset_env": {
                    "total": 2.1163469999999993,
                    "count": 1,
                    "self": 2.1163469999999993
                },
                "TrainerController.advance": {
                    "total": 1484.058548700008,
                    "count": 92018,
                    "self": 1.75974580002503,
                    "children": {
                        "env_step": {
                            "total": 1482.298802899983,
                            "count": 92018,
                            "self": 879.3322855999785,
                            "children": {
                                "SubprocessEnvManager._take_step": {
                                    "total": 599.8887594999965,
                                    "count": 362492,
                                    "self": 36.10668600006659,
                                    "children": {
                                        "TorchPolicy.evaluate": {
                                            "total": 563.7820734999299,
                                            "count": 361803,
                                            "self": 128.75929679993152,
                                            "children": {
                                                "TorchPolicy.sample_actions": {
                                                    "total": 435.02277669999836,
                                                    "count": 361803,
                                                    "self": 435.02277669999836
                                                }
                                            }
                                        }
                                    }
                                },