{"count":1,"self":340.7418624,"total":784.37147169999992,"children":{"InitializeActuators":{"count":1,"self":0.0020001999999999997,"total":0.0020001999999999997,"children":null},"InitializeSensors":{"count":1,"self":0.0018447,"total":0.0018447,"children":null},"AgentSendState":{"count":1000434,"self":2.4890974,"total":9.1636847,"children":{"CollectObservations":{"count":100044,"self":0.044494399999999996,"total":0.044494399999999996,"children":null},"WriteActionMask":{"count":100044,"self":0.0988196,"total":0.0988196,"children":null},"RequestDecision":{"count":100044,"self":0.544925,"total":6.5312733,"children":{"AgentInfo.ToProto":{"count":100044,"self":0.6177364,"total":5.9863482999999995,"children":{"GenerateSensorData":{"count":100044,"self":1.1862913,"total":5.3686118999999994,"children":{"RayPerceptionSensor.Perceive":{"count":100044,"self":4.1823207999999994,"total":4.1823206,"children":null}}}}}}}}},"DecideAction":{"count":1000434,"self":430.2485504,"total":430.2485501,"children":null},"AgentAct":{"count":1000434,"self":4.1915628,"total":4.1915626999999995,"children":null},"AgentInfo.ToProto":{"count":381,"self":0,"total":0.020978399999999998,"children":{"GenerateSensorData":{"count":381,"self":0.0059964,"total":0.020978399999999998,"children":{"RayPerceptionSensor.Perceive":{"count":381,"self":0.014981999999999999,"total":0.014981999999999999,"children":null}}}}}},"gauges":{"ShooterAgent.CumulativeReward":{"count":381,"max":18625,"min":-18115,"runningAverage":1748.25427,"value":9710,"weightedAverage":5900.21436}},"metadata":{"timer_format_version":"0.1.0","start_time_seconds":"1618436168","unity_version":"2020.3.3f1","command_line_arguments":"C:\\Software\\Unity\\Hub\\Editor\\2020.3.3f1\\Editor\\Unity.exe -projectpath C:\/Users\/prana\/Documents\/Unity Projects\/BoxAttack -useHub -hubIPC -cloudEnvironment production -hubSessionId 4af0d840-9d4e-11eb-92cc-d9298176bd40 -accessToken wLPdg7mRm8mFKJKJjLVHp4PzygBIAkfw_Qa0hE2CfbA00cf","communication_protocol_version":"1.5.0","com.unity.ml-agents_version":"1.9.0-preview","scene_name":"GameScene","end_time_seconds":"1618436952"}}