{
    "name": "root",
    "gauges": {
        "ShooterAgent.Policy.Entropy.mean": {
            "value": 1.3694472312927246,
            "min": 1.369124174118042,
            "max": 1.4267358779907227,
            "count": 1724
        },
        "ShooterAgent.Policy.Entropy.sum": {
            "value": 87.64462280273438,
            "min": 1.3713983297348022,
            "max": 102.39897918701172,
            "count": 1724
        },
        "ShooterAgent.Environment.EpisodeLength.mean": {
            "value": 393.0,
            "min": 0.0,
            "max": 659.0,
            "count": 381
        },
        "ShooterAgent.Environment.EpisodeLength.sum": {
            "value": 393.0,
            "min": 0.0,
            "max": 659.0,
            "count": 381
        },
        "ShooterAgent.Policy.ExtrinsicValueEstimate.mean": {
            "value": -469.5885009765625,
            "min": -6399.5927734375,
            "max": 5658.341796875,
            "count": 1724
        },
        "ShooterAgent.Policy.ExtrinsicValueEstimate.sum": {
            "value": -469.5885009765625,
            "min": -12799.185546875,
            "max": 5658.341796875,
            "count": 1724
        },
        "ShooterAgent.Environment.CumulativeReward.mean": {
            "value": 9685.0,
            "min": -9995.0,
            "max": 22980.0,
            "count": 381
        },
        "ShooterAgent.Environment.CumulativeReward.sum": {
            "value": 9685.0,
            "min": -9995.0,
            "max": 22980.0,
            "count": 381
        },
        "ShooterAgent.Policy.ExtrinsicReward.mean": {
            "value": 9685.0,
            "min": -9995.0,
            "max": 22980.0,
            "count": 381
        },
        "ShooterAgent.Policy.ExtrinsicReward.sum": {
            "value": 9685.0,
            "min": -9995.0,
            "max": 22980.0,
            "count": 381
        },
        "ShooterAgent.IsTraining.mean": {
            "value": 1.0,
            "min": 1.0,
            "max": 1.0,
            "count": 1724
        },
        "ShooterAgent.IsTraining.sum": {
            "value": 1.0,
            "min": 1.0,
            "max": 1.0,
            "count": 1724
        },
        "ShooterAgent.Losses.PolicyLoss.mean": {
            "value": 0.19221131714423084,
            "min": 0.15761792649411493,
            "max": 0.3342462230163316,
            "count": 771
        },
        "ShooterAgent.Losses.PolicyLoss.sum": {
            "value": 0.19221131714423084,
            "min": 0.15761792649411493,
            "max": 0.3342462230163316,
            "count": 771
        },
        "ShooterAgent.Losses.ValueLoss.mean": {
            "value": 889088.2543402778,
            "min": 167447.96809895834,
            "max": 33217708.066666666,
            "count": 771
        },
        "ShooterAgent.Losses.ValueLoss.sum": {
            "value": 889088.2543402778,
            "min": 167447.96809895834,
            "max": 33217708.066666666,
            "count": 771
        },
        "ShooterAgent.Policy.LearningRate.mean": {
            "value": 2.580999139999915e-07,
            "min": 2.580999139999915e-07,
            "max": 0.00029961300012899995,
            "count": 771
        },
        "ShooterAgent.Policy.LearningRate.sum": {
            "value": 2.580999139999915e-07,
            "min": 2.580999139999915e-07,
            "max": 0.00029961300012899995,
            "count": 771
        },
        "ShooterAgent.Policy.Epsilon.mean": {
            "value": 0.10008600000000002,
            "min": 0.10008600000000002,
            "max": 0.19987100000000002,
            "count": 771
        },
        "ShooterAgent.Policy.Epsilon.sum": {
            "value": 0.10008600000000002,
            "min": 0.10008600000000002,
            "max": 0.19987100000000002,
            "count": 771
        },
        "ShooterAgent.Policy.Beta.mean": {
            "value": 1.0421399999999983e-05,
            "min": 1.0421399999999983e-05,
            "max": 0.0004993678999999999,
            "count": 771
        },
        "ShooterAgent.Policy.Beta.sum": {
            "value": 1.0421399999999983e-05,
            "min": 1.0421399999999983e-05,
            "max": 0.0004993678999999999,
            "count": 771
        }
    },
    "metadata": {
        "timer_format_version": "0.1.0",
        "start_time_seconds": "1618436163",
        "python_version": "3.9.4 (tags/v3.9.4:1f2e308, Apr  6 2021, 13:40:21) [MSC v.1928 64 bit (AMD64)]",
        "command_line_arguments": "C:\\Users\\prana\\AppData\\Local\\Programs\\Python\\Python39\\Scripts\\mlagents-learn .\\Config\\agent_config.yaml --force",
        "mlagents_version": "0.25.0",
        "mlagents_envs_version": "0.25.0",
        "communication_protocol_version": "1.5.0",
        "pytorch_version": "1.8.1+cpu",
        "numpy_version": "1.20.2",
        "end_time_seconds": "1618436952"
    },
    "total": 789.3227443999999,
    "count": 1,
    "self": 0.006928099999981896,
    "children": {
        "run_training.setup": {
            "total": 0.08980530000000009,
            "count": 1,
            "self": 0.08980530000000009
        },
        "TrainerController.start_learning": {
            "total": 789.226011,
            "count": 1,
            "self": 2.164032000000134,
            "children": {
                "TrainerController._reset_env": {
                    "total": 5.3797519,
                    "count": 1,
                    "self": 5.3797519
                },
                "TrainerController.advance": {
                    "total": 781.6032416999998,
                    "count": 100393,
                    "self": 0.9358423999956358,
                    "children": {
                        "env_step": {
                            "total": 780.6673993000041,
                            "count": 100393,
                            "self": 704.3789547000042,
                            "children": {
                                "SubprocessEnvManager._take_step": {
                                    "total": 75.2497047000021,
                                    "count": 100393,
                                    "self": 5.472982400008107,
                                    "children": {
                                        "TorchPolicy.evaluate": {
                                            "total": 69.77672229999399,
                                            "count": 100043,
                                            "self": 16.059597999987496,
                                            "children": {
                                                "TorchPolicy.sample_actions": {
                                                    "total": 53.717124300006496,
                                                    "count": 100043,
                                                    "self": 53.717124300006496
                                                }
                                            }
                                        }
                                    }
                                },
                                "workers": {
                                    "total": 1.0387398999978394,
                                    "count": 100393,
                                    "self": 0.0,
                                    "children": {
                                        "worker_root": {
                                            "total": 781.3443269000064,
                                            "count": 100393,
                                            "is_parallel": true,
                                            "self": 171.0052965000158,
                                            "children": {
                                                "steps_from_proto": {
                                                    "total": 0.00023570000000017188,
                                                    "count": 1,