{"count":1,"self":198.45384959999998,"total":2046.8688065,"children":{"InitializeActuators":{"count":1,"self":0.0029990999999999998,"total":0.0029990999999999998,"children":null},"InitializeSensors":{"count":1,"self":0.0020007,"total":0.0020007,"children":null},"AgentSendState":{"count":334051,"self":1.6040873999999998,"total":9.2214046,"children":{"CollectObservations":{"count":66811,"self":0.0890122,"total":0.0890122,"children":null},"WriteActionMask":{"count":66811,"self":0.11331569999999999,"total":0.11331569999999999,"children":null},"RequestDecision":{"count":66811,"self":0.3142661,"total":7.4149892999999993,"children":{"AgentInfo.ToProto":{"count":66811,"self":0.5322213,"total":7.1007232,"children":{"GenerateSensorData":{"count":66811,"self":2.4999371999999997,"total":6.5685018999999993,"children":{"RayPerceptionSensor.Perceive":{"count":133622,"self":4.0685648,"total":4.0685648,"children":null}}}}}}}}},"DecideAction":{"count":334051,"self":1832.8070143999998,"total":1832.8069646,"children":null},"AgentAct":{"count":334051,"self":6.354576,"total":6.3545761,"children":null},"AgentInfo.ToProto":{"count":158,"self":0.0030026,"total":0.025011799999999997,"children":{"GenerateSensorData":{"count":158,"self":0.0050025999999999994,"total":0.0220092,"children":{"RayPerceptionSensor.Perceive":{"count":316,"self":0.0170066,"total":0.0170066,"children":null}}}}}},"gauges":{"ShooterAgent.CumulativeReward":{"count":158,"max":16105.709,"min":-296.378174,"runningAverage":1355.77625,"value":8273.021,"weightedAverage":6268.44238}},"metadata":{"timer_format_version":"0.1.0","start_time_seconds":"1619874457","unity_version":"2020.3.3f1","command_line_arguments":"C:\\Users\\prana\\Documents\\Unity Projects\\BoxAttack\\.\/training_builds\/short_vision\/BoxAttack.exe --mlagents-port 5006 -logFile C:\\Users\\prana\\Documents\\Unity Projects\\BoxAttack\\results\\test\\run_logs\\Player-1.log","communication_protocol_version":"1.5.0","com.unity.ml-agents_version":"1.9.0-preview","scene_name":"GameScene","end_time_seconds":"1619876504"}}